id_viaje,id_terminal_salida,id_terminal_llegada,tiempo_inicio,tiempo_fin,nom_circuito
1,3,3,05:00:00,05:42:00,La Cocha
2,3,3,05:15:00,05:57:00,La Cocha
3,3,3,05:30:00,06:14:00,La Cocha
4,3,3,05:42:00,06:26:00,La Cocha
5,3,3,05:54:00,06:38:00,La Cocha
6,3,3,06:06:00,06:51:00,La Cocha
7,3,3,06:17:00,07:02:00,La Cocha
8,3,3,06:27:00,07:12:00,La Cocha
9,3,3,06:37:00,07:23:00,La Cocha
10,3,3,06:45:00,07:31:00,La Cocha
11,3,3,06:53:00,07:39:00,La Cocha
12,3,3,07:01:00,07:47:00,La Cocha
13,3,3,07:09:00,07:55:00,La Cocha
14,3,3,07:17:00,08:03:00,La Cocha
15,3,3,07:25:00,08:11:00,La Cocha
16,3,3,07:34:00,08:19:00,La Cocha
17,3,3,07:44:00,08:29:00,La Cocha
18,3,3,07:54:00,08:39:00,La Cocha
19,3,3,08:04:00,08:49:00,La Cocha
20,3,3,08:14:00,08:59:00,La Cocha
21,3,3,08:24:00,09:09:00,La Cocha
22,3,3,08:34:00,09:18:00,La Cocha
23,3,3,08:46:00,09:30:00,La Cocha
24,3,3,08:58:00,09:42:00,La Cocha
25,3,3,09:10:00,09:54:00,La Cocha
26,3,3,09:22:00,10:06:00,La Cocha
27,3,3,09:34:00,10:18:00,La Cocha
28,3,3,09:46:00,10:30:00,La Cocha
29,3,3,09:58:00,10:42:00,La Cocha
30,3,3,10:10:00,10:54:00,La Cocha
31,3,3,10:22:00,11:06:00,La Cocha
32,3,3,10:34:00,11:18:00,La Cocha
33,3,3,10:46:00,11:30:00,La Cocha
34,3,3,10:58:00,11:42:00,La Cocha
35,3,3,11:10:00,11:54:00,La Cocha
36,3,3,11:22:00,12:06:00,La Cocha
37,3,3,11:34:00,12:18:00,La Cocha
38,3,3,11:46:00,12:30:00,La Cocha
39,3,3,11:58:00,12:42:00,La Cocha
40,3,3,12:10:00,12:55:00,La Cocha
41,3,3,12:20:00,13:05:00,La Cocha
42,3,3,12:30:00,13:15:00,La Cocha
43,3,3,12:40:00,13:25:00,La Cocha
44,3,3,12:50:00,13:35:00,La Cocha
45,3,3,13:00:00,13:45:00,La Cocha
46,3,3,13:10:00,13:55:00,La Cocha
47,3,3,13:20:00,14:05:00,La Cocha
48,3,3,13:30:00,14:15:00,La Cocha
49,3,3,13:40:00,14:25:00,La Cocha
50,3,3,13:50:00,14:35:00,La Cocha
51,3,3,14:00:00,14:45:00,La Cocha
52,3,3,14:10:00,14:54:00,La Cocha
53,3,3,14:22:00,15:06:00,La Cocha
54,3,3,14:34:00,15:18:00,La Cocha
55,3,3,14:46:00,15:30:00,La Cocha
56,3,3,14:58:00,15:42:00,La Cocha
57,3,3,15:10:00,15:54:00,La Cocha
58,3,3,15:22:00,16:06:00,La Cocha
59,3,3,15:34:00,16:18:00,La Cocha
60,3,3,15:46:00,16:30:00,La Cocha
61,3,3,15:58:00,16:42:00,La Cocha
62,3,3,16:10:00,16:54:00,La Cocha
63,3,3,16:22:00,17:06:00,La Cocha
64,3,3,16:34:00,17:19:00,La Cocha
65,3,3,16:46:00,17:31:00,La Cocha
66,3,3,16:58:00,17:43:00,La Cocha
67,3,3,17:10:00,17:55:00,La Cocha
68,3,3,17:22:00,18:07:00,La Cocha
69,3,3,17:34:00,18:19:00,La Cocha
70,3,3,17:46:00,18:32:00,La Cocha
71,3,3,17:58:00,18:44:00,La Cocha
72,3,3,18:10:00,18:56:00,La Cocha
73,3,3,18:22:00,19:08:00,La Cocha
74,3,3,18:34:00,19:20:00,La Cocha
75,3,3,18:46:00,19:32:00,La Cocha
76,3,3,18:56:00,19:42:00,La Cocha
77,3,3,19:06:00,19:52:00,La Cocha
78,3,3,19:16:00,20:02:00,La Cocha
79,3,3,19:26:00,20:12:00,La Cocha
80,3,3,19:36:00,20:21:00,La Cocha
81,3,3,19:46:00,20:31:00,La Cocha
82,3,3,19:56:00,20:41:00,La Cocha
83,3,3,20:06:00,20:51:00,La Cocha
84,3,3,20:16:00,21:01:00,La Cocha
85,3,3,20:26:00,21:11:00,La Cocha
86,3,3,20:36:00,21:21:00,La Cocha
87,3,3,20:46:00,21:31:00,La Cocha
88,3,3,20:56:00,21:41:00,La Cocha
89,3,3,21:06:00,21:50:00,La Cocha
90,3,3,21:17:00,22:01:00,La Cocha
91,3,3,21:29:00,22:13:00,La Cocha
92,3,3,21:41:00,22:25:00,La Cocha
93,3,3,21:54:00,22:16:00,La Cocha
94,3,3,22:07:00,22:29:00,La Cocha
95,3,3,22:20:00,22:42:00,La Cocha
96,3,3,22:33:00,22:55:00,La Cocha
97,3,3,22:46:00,23:08:00,La Cocha
98,3,3,23:00:00,23:22:00,La Cocha
99,3,3,05:00:00,05:40:00,Caupicho
100,3,3,05:15:00,05:55:00,Caupicho
101,3,3,05:30:00,06:13:00,Caupicho
102,3,3,05:45:00,06:28:00,Caupicho
103,3,3,06:00:00,06:43:00,Caupicho
104,3,3,06:15:00,07:00:00,Caupicho
105,3,3,06:26:00,07:11:00,Caupicho
106,3,3,06:37:00,07:22:00,Caupicho
107,3,3,06:48:00,07:33:00,Caupicho
108,3,3,06:59:00,07:44:00,Caupicho
109,3,3,07:10:00,07:55:00,Caupicho
110,3,3,07:21:00,08:06:00,Caupicho
111,3,3,07:32:00,08:17:00,Caupicho
112,3,3,07:43:00,08:28:00,Caupicho
113,3,3,07:54:00,08:39:00,Caupicho
114,3,3,08:05:00,08:50:00,Caupicho
115,3,3,08:16:00,09:01:00,Caupicho
116,3,3,08:27:00,09:12:00,Caupicho
117,3,3,08:38:00,09:23:00,Caupicho
118,3,3,08:49:00,09:34:00,Caupicho
119,3,3,09:00:00,09:45:00,Caupicho
120,3,3,09:11:00,09:54:00,Caupicho
121,3,3,09:22:00,10:05:00,Caupicho
122,3,3,09:33:00,10:16:00,Caupicho
123,3,3,09:44:00,10:27:00,Caupicho
124,3,3,09:55:00,10:38:00,Caupicho
125,3,3,10:06:00,10:49:00,Caupicho
126,3,3,10:17:00,11:00:00,Caupicho
127,3,3,10:28:00,11:11:00,Caupicho
128,3,3,10:39:00,11:22:00,Caupicho
129,3,3,10:50:00,11:33:00,Caupicho
130,3,3,11:01:00,11:44:00,Caupicho
131,3,3,11:12:00,11:55:00,Caupicho
132,3,3,11:23:00,12:06:00,Caupicho
133,3,3,11:34:00,12:17:00,Caupicho
134,3,3,11:45:00,12:28:00,Caupicho
135,3,3,11:56:00,12:41:00,Caupicho
136,3,3,12:07:00,12:52:00,Caupicho
137,3,3,12:18:00,13:03:00,Caupicho
138,3,3,12:29:00,13:14:00,Caupicho
139,3,3,12:40:00,13:25:00,Caupicho
140,3,3,12:51:00,13:36:00,Caupicho
141,3,3,13:02:00,13:47:00,Caupicho
142,3,3,13:13:00,13:58:00,Caupicho
143,3,3,13:24:00,14:09:00,Caupicho
144,3,3,13:35:00,14:20:00,Caupicho
145,3,3,13:46:00,14:29:00,Caupicho
146,3,3,13:57:00,14:40:00,Caupicho
147,3,3,14:08:00,14:51:00,Caupicho
148,3,3,14:19:00,15:02:00,Caupicho
149,3,3,14:30:00,15:13:00,Caupicho
150,3,3,14:41:00,15:24:00,Caupicho
151,3,3,14:52:00,15:35:00,Caupicho
152,3,3,15:03:00,15:46:00,Caupicho
153,3,3,15:14:00,15:57:00,Caupicho
154,3,3,15:25:00,16:08:00,Caupicho
155,3,3,15:36:00,16:21:00,Caupicho
156,3,3,15:47:00,16:32:00,Caupicho
157,3,3,15:58:00,16:43:00,Caupicho
158,3,3,16:09:00,16:54:00,Caupicho
159,3,3,16:20:00,17:05:00,Caupicho
160,3,3,16:31:00,17:16:00,Caupicho
161,3,3,16:42:00,17:27:00,Caupicho
162,3,3,16:53:00,17:38:00,Caupicho
163,3,3,17:04:00,17:49:00,Caupicho
164,3,3,17:15:00,18:00:00,Caupicho
165,3,3,17:26:00,18:11:00,Caupicho
166,3,3,17:37:00,18:22:00,Caupicho
167,3,3,17:48:00,18:33:00,Caupicho
168,3,3,17:59:00,18:44:00,Caupicho
169,3,3,18:10:00,18:55:00,Caupicho
170,3,3,18:21:00,19:06:00,Caupicho
171,3,3,18:32:00,19:17:00,Caupicho
172,3,3,18:43:00,19:28:00,Caupicho
173,3,3,18:54:00,19:39:00,Caupicho
174,3,3,19:05:00,19:50:00,Caupicho
175,3,3,19:16:00,20:01:00,Caupicho
176,3,3,19:27:00,20:12:00,Caupicho
177,3,3,19:38:00,20:23:00,Caupicho
178,3,3,19:49:00,20:34:00,Caupicho
179,3,3,20:00:00,20:45:00,Caupicho
180,3,3,20:13:00,20:58:00,Caupicho
181,3,3,20:26:00,21:11:00,Caupicho
182,3,3,20:39:00,21:22:00,Caupicho
183,3,3,20:52:00,21:35:00,Caupicho
184,3,3,21:10:00,21:53:00,Caupicho
185,3,3,21:28:00,21:49:00,Caupicho
186,3,3,21:46:00,22:07:00,Caupicho
187,3,3,22:04:00,22:25:00,Caupicho
188,3,3,22:22:00,22:43:00,Caupicho
189,3,3,22:40:00,23:01:00,Caupicho
190,3,3,23:00:00,23:21:00,Caupicho
191,4,4,05:00:00,05:42:00,San Martin
192,4,4,05:12:00,05:54:00,San Martin
193,4,4,05:24:00,06:08:00,San Martin
194,4,4,05:34:00,06:18:00,San Martin
195,4,4,05:44:00,06:28:00,San Martin
196,4,4,05:54:00,06:38:00,San Martin
197,4,4,06:04:00,06:50:00,San Martin
198,4,4,06:13:00,06:59:00,San Martin
199,4,4,06:22:00,07:08:00,San Martin
200,4,4,06:31:00,07:19:00,San Martin
201,4,4,06:40:00,07:28:00,San Martin
202,4,4,06:49:00,07:37:00,San Martin
203,4,4,06:58:00,07:46:00,San Martin
204,4,4,07:07:00,07:55:00,San Martin
205,4,4,07:16:00,08:04:00,San Martin
206,4,4,07:25:00,08:13:00,San Martin
207,4,4,07:34:00,08:22:00,San Martin
208,4,4,07:43:00,08:31:00,San Martin
209,4,4,07:52:00,08:38:00,San Martin
210,4,4,08:01:00,08:47:00,San Martin
211,4,4,08:10:00,08:56:00,San Martin
212,4,4,08:19:00,09:05:00,San Martin
213,4,4,08:28:00,09:14:00,San Martin
214,4,4,08:37:00,09:23:00,San Martin
215,4,4,08:46:00,09:30:00,San Martin
216,4,4,08:55:00,09:39:00,San Martin
217,4,4,09:04:00,09:48:00,San Martin
218,4,4,09:13:00,09:57:00,San Martin
219,4,4,09:22:00,10:06:00,San Martin
220,4,4,09:31:00,10:15:00,San Martin
221,4,4,09:40:00,10:24:00,San Martin
222,4,4,09:49:00,10:33:00,San Martin
223,4,4,09:58:00,10:42:00,San Martin
224,4,4,10:07:00,10:51:00,San Martin
225,4,4,10:16:00,11:00:00,San Martin
226,4,4,10:25:00,11:09:00,San Martin
227,4,4,10:34:00,11:18:00,San Martin
228,4,4,10:43:00,11:27:00,San Martin
229,4,4,10:52:00,11:36:00,San Martin
230,4,4,11:01:00,11:45:00,San Martin
231,4,4,11:10:00,11:54:00,San Martin
232,4,4,11:19:00,12:03:00,San Martin
233,4,4,11:28:00,12:12:00,San Martin
234,4,4,11:37:00,12:21:00,San Martin
235,4,4,11:46:00,12:30:00,San Martin
236,4,4,11:55:00,12:41:00,San Martin
237,4,4,12:04:00,12:50:00,San Martin
238,4,4,12:13:00,12:59:00,San Martin
239,4,4,12:22:00,13:08:00,San Martin
240,4,4,12:31:00,13:17:00,San Martin
241,4,4,12:40:00,13:26:00,San Martin
242,4,4,12:49:00,13:35:00,San Martin
243,4,4,12:58:00,13:44:00,San Martin
244,4,4,13:07:00,13:53:00,San Martin
245,4,4,13:16:00,14:02:00,San Martin
246,4,4,13:25:00,14:11:00,San Martin
247,4,4,13:34:00,14:20:00,San Martin
248,4,4,13:43:00,14:29:00,San Martin
249,4,4,13:52:00,14:38:00,San Martin
250,4,4,14:01:00,14:45:00,San Martin
251,4,4,14:10:00,14:54:00,San Martin
252,4,4,14:19:00,15:03:00,San Martin
253,4,4,14:28:00,15:12:00,San Martin
254,4,4,14:37:00,15:21:00,San Martin
255,4,4,14:46:00,15:30:00,San Martin
256,4,4,14:55:00,15:39:00,San Martin
257,4,4,15:04:00,15:48:00,San Martin
258,4,4,15:13:00,15:57:00,San Martin
259,4,4,15:22:00,16:06:00,San Martin
260,4,4,15:31:00,16:15:00,San Martin
261,4,4,15:40:00,16:24:00,San Martin
262,4,4,15:49:00,16:33:00,San Martin
263,4,4,15:58:00,16:42:00,San Martin
264,4,4,16:07:00,16:51:00,San Martin
265,4,4,16:16:00,17:02:00,San Martin
266,4,4,16:25:00,17:11:00,San Martin
267,4,4,16:34:00,17:20:00,San Martin
268,4,4,16:43:00,17:29:00,San Martin
269,4,4,16:52:00,17:38:00,San Martin
270,4,4,17:01:00,17:47:00,San Martin
271,4,4,17:10:00,17:58:00,San Martin
272,4,4,17:19:00,18:07:00,San Martin
273,4,4,17:28:00,18:16:00,San Martin
274,4,4,17:37:00,18:25:00,San Martin
275,4,4,17:46:00,18:34:00,San Martin
276,4,4,17:55:00,18:43:00,San Martin
277,4,4,18:04:00,18:52:00,San Martin
278,4,4,18:13:00,19:01:00,San Martin
279,4,4,18:22:00,19:10:00,San Martin
280,4,4,18:31:00,19:19:00,San Martin
281,4,4,18:40:00,19:28:00,San Martin
282,4,4,18:49:00,19:37:00,San Martin
283,4,4,18:58:00,19:46:00,San Martin
284,4,4,19:07:00,19:53:00,San Martin
285,4,4,19:16:00,20:02:00,San Martin
286,4,4,19:25:00,20:11:00,San Martin
287,4,4,19:34:00,20:20:00,San Martin
288,4,4,19:43:00,20:29:00,San Martin
289,4,4,19:52:00,20:38:00,San Martin
290,4,4,20:01:00,20:47:00,San Martin
291,4,4,20:10:00,20:56:00,San Martin
292,4,4,20:19:00,21:05:00,San Martin
293,4,4,20:28:00,21:14:00,San Martin
294,4,4,20:37:00,21:21:00,San Martin
295,4,4,20:48:00,21:32:00,San Martin
296,4,4,20:59:00,21:43:00,San Martin
297,4,4,21:10:00,21:54:00,San Martin
298,4,4,21:21:00,21:43:00,San Martin
299,4,4,21:35:00,21:57:00,San Martin
300,4,4,21:50:00,22:12:00,San Martin
301,4,4,22:05:00,22:27:00,San Martin
302,4,4,22:20:00,22:42:00,San Martin
303,4,4,22:35:00,22:57:00,San Martin
304,4,4,22:50:00,23:12:00,San Martin
305,1,1,05:00:00,05:45:00,Giron Huarcay
306,1,1,05:18:00,06:06:00,Giron Huarcay
307,1,1,05:36:00,06:24:00,Giron Huarcay
308,1,1,05:52:00,06:40:00,Giron Huarcay
309,1,1,06:08:00,06:58:00,Giron Huarcay
310,1,1,06:24:00,07:14:00,Giron Huarcay
311,1,1,06:40:00,07:30:00,Giron Huarcay
312,1,1,06:56:00,07:46:00,Giron Huarcay
313,1,1,07:12:00,08:02:00,Giron Huarcay
314,1,1,07:28:00,08:18:00,Giron Huarcay
315,1,1,07:44:00,08:34:00,Giron Huarcay
316,1,1,08:00:00,08:50:00,Giron Huarcay
317,1,1,08:16:00,09:06:00,Giron Huarcay
318,1,1,08:32:00,09:22:00,Giron Huarcay
319,1,1,08:48:00,09:36:00,Giron Huarcay
320,1,1,09:04:00,09:52:00,Giron Huarcay
321,1,1,09:20:00,10:08:00,Giron Huarcay
322,1,1,09:36:00,10:24:00,Giron Huarcay
323,1,1,09:52:00,10:40:00,Giron Huarcay
324,1,1,10:08:00,10:56:00,Giron Huarcay
325,1,1,10:24:00,11:12:00,Giron Huarcay
326,1,1,10:40:00,11:28:00,Giron Huarcay
327,1,1,10:56:00,11:44:00,Giron Huarcay
328,1,1,11:12:00,12:00:00,Giron Huarcay
329,1,1,11:28:00,12:16:00,Giron Huarcay
330,1,1,11:44:00,12:32:00,Giron Huarcay
331,1,1,12:00:00,12:50:00,Giron Huarcay
332,1,1,12:16:00,13:06:00,Giron Huarcay
333,1,1,12:32:00,13:22:00,Giron Huarcay
334,1,1,12:48:00,13:38:00,Giron Huarcay
335,1,1,13:04:00,13:54:00,Giron Huarcay
336,1,1,13:20:00,14:10:00,Giron Huarcay
337,1,1,13:36:00,14:26:00,Giron Huarcay
338,1,1,13:52:00,14:42:00,Giron Huarcay
339,1,1,14:08:00,14:56:00,Giron Huarcay
340,1,1,14:24:00,15:12:00,Giron Huarcay
341,1,1,14:40:00,15:28:00,Giron Huarcay
342,1,1,14:56:00,15:44:00,Giron Huarcay
343,1,1,15:12:00,16:00:00,Giron Huarcay
344,1,1,15:28:00,16:16:00,Giron Huarcay
345,1,1,15:44:00,16:32:00,Giron Huarcay
346,1,1,16:00:00,16:48:00,Giron Huarcay
347,1,1,16:16:00,17:04:00,Giron Huarcay
348,1,1,16:32:00,17:22:00,Giron Huarcay
349,1,1,16:48:00,17:38:00,Giron Huarcay
350,1,1,17:04:00,17:54:00,Giron Huarcay
351,1,1,17:20:00,18:10:00,Giron Huarcay
352,1,1,17:36:00,18:26:00,Giron Huarcay
353,1,1,17:52:00,18:42:00,Giron Huarcay
354,1,1,18:08:00,18:58:00,Giron Huarcay
355,1,1,18:24:00,19:14:00,Giron Huarcay
356,1,1,18:41:00,19:29:00,Giron Huarcay
357,1,1,18:58:00,19:46:00,Giron Huarcay
358,1,1,19:15:00,20:03:00,Giron Huarcay
359,1,1,19:32:00,20:20:00,Giron Huarcay
360,1,1,19:49:00,20:37:00,Giron Huarcay
361,1,1,20:06:00,20:54:00,Giron Huarcay
362,1,1,20:23:00,21:11:00,Giron Huarcay
363,1,1,20:41:00,21:29:00,Giron Huarcay
364,1,1,20:59:00,21:47:00,Giron Huarcay
365,1,1,21:17:00,22:05:00,Giron Huarcay
366,1,1,21:35:00,22:23:00,Giron Huarcay
367,1,1,21:53:00,22:17:00,Giron Huarcay
368,1,1,22:12:00,22:36:00,Giron Huarcay
369,1,1,22:31:00,22:55:00,Giron Huarcay
370,1,1,22:50:00,23:14:00,Giron Huarcay
371,1,1,05:00:00,05:48:00,Martha Bucaram
372,1,1,05:17:00,06:05:00,Martha Bucaram
373,1,1,05:34:00,06:24:00,Martha Bucaram
374,1,1,05:49:00,06:39:00,Martha Bucaram
375,1,1,06:04:00,06:56:00,Martha Bucaram
376,1,1,06:17:00,07:09:00,Martha Bucaram
377,1,1,06:30:00,07:22:00,Martha Bucaram
378,1,1,06:43:00,07:35:00,Martha Bucaram
379,1,1,06:56:00,07:48:00,Martha Bucaram
380,1,1,07:09:00,08:01:00,Martha Bucaram
381,1,1,07:22:00,08:14:00,Martha Bucaram
382,1,1,07:35:00,08:27:00,Martha Bucaram
383,1,1,07:48:00,08:40:00,Martha Bucaram
384,1,1,08:01:00,08:53:00,Martha Bucaram
385,1,1,08:16:00,09:08:00,Martha Bucaram
386,1,1,08:31:00,09:23:00,Martha Bucaram
387,1,1,08:46:00,09:36:00,Martha Bucaram
388,1,1,09:01:00,09:51:00,Martha Bucaram
389,1,1,09:16:00,10:06:00,Martha Bucaram
390,1,1,09:31:00,10:21:00,Martha Bucaram
391,1,1,09:46:00,10:36:00,Martha Bucaram
392,1,1,10:01:00,10:51:00,Martha Bucaram
393,1,1,10:16:00,11:06:00,Martha Bucaram
394,1,1,10:31:00,11:21:00,Martha Bucaram
395,1,1,10:46:00,11:36:00,Martha Bucaram
396,1,1,11:01:00,11:51:00,Martha Bucaram
397,1,1,11:16:00,12:06:00,Martha Bucaram
398,1,1,11:31:00,12:21:00,Martha Bucaram
399,1,1,11:46:00,12:36:00,Martha Bucaram
400,1,1,12:01:00,12:51:00,Martha Bucaram
401,1,1,12:16:00,13:06:00,Martha Bucaram
402,1,1,12:31:00,13:21:00,Martha Bucaram
403,1,1,12:46:00,13:36:00,Martha Bucaram
404,1,1,13:01:00,13:51:00,Martha Bucaram
405,1,1,13:16:00,14:06:00,Martha Bucaram
406,1,1,13:31:00,14:21:00,Martha Bucaram
407,1,1,13:46:00,14:36:00,Martha Bucaram
408,1,1,14:01:00,14:51:00,Martha Bucaram
409,1,1,14:16:00,15:06:00,Martha Bucaram
410,1,1,14:31:00,15:21:00,Martha Bucaram
411,1,1,14:46:00,15:36:00,Martha Bucaram
412,1,1,15:01:00,15:51:00,Martha Bucaram
413,1,1,15:16:00,16:06:00,Martha Bucaram
414,1,1,15:31:00,16:21:00,Martha Bucaram
415,1,1,15:46:00,16:36:00,Martha Bucaram
416,1,1,16:01:00,16:51:00,Martha Bucaram
417,1,1,16:16:00,17:06:00,Martha Bucaram
418,1,1,16:31:00,17:21:00,Martha Bucaram
419,1,1,16:46:00,17:36:00,Martha Bucaram
420,1,1,17:01:00,17:51:00,Martha Bucaram
421,1,1,17:16:00,18:06:00,Martha Bucaram
422,1,1,17:31:00,18:21:00,Martha Bucaram
423,1,1,17:46:00,18:38:00,Martha Bucaram
424,1,1,18:01:00,18:53:00,Martha Bucaram
425,1,1,18:16:00,19:08:00,Martha Bucaram
426,1,1,18:31:00,19:23:00,Martha Bucaram
427,1,1,18:46:00,19:38:00,Martha Bucaram
428,1,1,19:01:00,19:53:00,Martha Bucaram
429,1,1,19:16:00,20:08:00,Martha Bucaram
430,1,1,19:31:00,20:23:00,Martha Bucaram
431,1,1,19:46:00,20:38:00,Martha Bucaram
432,1,1,20:01:00,20:53:00,Martha Bucaram
433,1,1,20:16:00,21:08:00,Martha Bucaram
434,1,1,20:31:00,21:21:00,Martha Bucaram
435,1,1,20:46:00,21:36:00,Martha Bucaram
436,1,1,21:03:00,21:53:00,Martha Bucaram
437,1,1,21:20:00,22:10:00,Martha Bucaram
438,1,1,21:37:00,22:02:00,Martha Bucaram
439,1,1,21:55:00,22:20:00,Martha Bucaram
440,1,1,22:13:00,22:38:00,Martha Bucaram
441,1,1,22:31:00,22:56:00,Martha Bucaram
442,1,1,22:50:00,23:15:00,Martha Bucaram
443,2,2,05:00:00,05:30:00,Manuelita Saenz
444,2,2,05:15:00,05:45:00,Manuelita Saenz
445,2,2,05:00:00,05:56:00,Manuelita Saenz
446,2,2,05:13:00,06:09:00,Manuelita Saenz
447,2,2,05:25:00,06:23:00,Manuelita Saenz
448,2,2,05:36:00,06:34:00,Manuelita Saenz
449,2,2,05:46:00,06:44:00,Manuelita Saenz
450,2,2,05:56:00,06:54:00,Manuelita Saenz
451,2,2,06:06:00,07:06:00,Manuelita Saenz
452,2,2,06:16:00,07:16:00,Manuelita Saenz
453,2,2,06:26:00,07:26:00,Manuelita Saenz
454,2,2,06:36:00,07:38:00,Manuelita Saenz
455,2,2,06:46:00,07:48:00,Manuelita Saenz
456,2,2,06:56:00,07:58:00,Manuelita Saenz
457,2,2,07:06:00,08:08:00,Manuelita Saenz
458,2,2,07:16:00,08:18:00,Manuelita Saenz
459,2,2,07:26:00,08:28:00,Manuelita Saenz
460,2,2,07:36:00,08:38:00,Manuelita Saenz
461,2,2,07:46:00,08:46:00,Manuelita Saenz
462,2,2,07:56:00,08:56:00,Manuelita Saenz
463,2,2,08:06:00,09:06:00,Manuelita Saenz
464,2,2,08:16:00,09:16:00,Manuelita Saenz
465,2,2,08:26:00,09:26:00,Manuelita Saenz
466,2,2,08:36:00,09:36:00,Manuelita Saenz
467,2,2,08:46:00,09:44:00,Manuelita Saenz
468,2,2,08:57:00,09:55:00,Manuelita Saenz
469,2,2,09:09:00,10:07:00,Manuelita Saenz
470,2,2,09:21:00,10:19:00,Manuelita Saenz
471,2,2,09:33:00,10:31:00,Manuelita Saenz
472,2,2,09:45:00,10:43:00,Manuelita Saenz
473,2,2,09:57:00,10:55:00,Manuelita Saenz
474,2,2,10:09:00,11:07:00,Manuelita Saenz
475,2,2,10:21:00,11:19:00,Manuelita Saenz
476,2,2,10:33:00,11:31:00,Manuelita Saenz
477,2,2,10:45:00,11:43:00,Manuelita Saenz
478,2,2,10:57:00,11:55:00,Manuelita Saenz
479,2,2,11:09:00,12:07:00,Manuelita Saenz
480,2,2,11:21:00,12:19:00,Manuelita Saenz
481,2,2,11:33:00,12:31:00,Manuelita Saenz
482,2,2,11:45:00,12:43:00,Manuelita Saenz
483,2,2,11:57:00,12:55:00,Manuelita Saenz
484,2,2,12:09:00,13:09:00,Manuelita Saenz
485,2,2,12:21:00,13:21:00,Manuelita Saenz
486,2,2,12:33:00,13:33:00,Manuelita Saenz
487,2,2,12:45:00,13:45:00,Manuelita Saenz
488,2,2,12:55:00,13:55:00,Manuelita Saenz
489,2,2,13:05:00,14:05:00,Manuelita Saenz
490,2,2,13:15:00,14:15:00,Manuelita Saenz
491,2,2,13:25:00,14:25:00,Manuelita Saenz
492,2,2,13:35:00,14:35:00,Manuelita Saenz
493,2,2,13:45:00,14:45:00,Manuelita Saenz
494,2,2,13:55:00,14:55:00,Manuelita Saenz
495,2,2,14:05:00,15:05:00,Manuelita Saenz
496,2,2,14:15:00,15:13:00,Manuelita Saenz
497,2,2,14:26:00,15:24:00,Manuelita Saenz
498,2,2,14:38:00,15:36:00,Manuelita Saenz
499,2,2,14:50:00,15:48:00,Manuelita Saenz
500,2,2,15:02:00,16:00:00,Manuelita Saenz
501,2,2,15:14:00,16:12:00,Manuelita Saenz
502,2,2,15:26:00,16:24:00,Manuelita Saenz
503,2,2,15:38:00,16:36:00,Manuelita Saenz
504,2,2,15:50:00,16:48:00,Manuelita Saenz
505,2,2,16:02:00,17:00:00,Manuelita Saenz
506,2,2,16:14:00,17:12:00,Manuelita Saenz
507,2,2,16:26:00,17:24:00,Manuelita Saenz
508,2,2,16:38:00,17:36:00,Manuelita Saenz
509,2,2,16:49:00,17:49:00,Manuelita Saenz
510,2,2,16:59:00,17:59:00,Manuelita Saenz
511,2,2,17:09:00,18:09:00,Manuelita Saenz
512,2,2,17:19:00,18:19:00,Manuelita Saenz
513,2,2,17:29:00,18:29:00,Manuelita Saenz
514,2,2,17:39:00,18:39:00,Manuelita Saenz
515,2,2,17:49:00,18:51:00,Manuelita Saenz
516,2,2,17:59:00,19:01:00,Manuelita Saenz
517,2,2,18:09:00,19:11:00,Manuelita Saenz
518,2,2,18:19:00,19:21:00,Manuelita Saenz
519,2,2,18:29:00,19:31:00,Manuelita Saenz
520,2,2,18:39:00,19:41:00,Manuelita Saenz
521,2,2,18:49:00,19:51:00,Manuelita Saenz
522,2,2,18:59:00,20:01:00,Manuelita Saenz
523,2,2,19:09:00,20:11:00,Manuelita Saenz
524,2,2,19:19:00,20:21:00,Manuelita Saenz
525,2,2,19:29:00,20:31:00,Manuelita Saenz
526,2,2,19:39:00,20:41:00,Manuelita Saenz
527,2,2,19:49:00,20:51:00,Manuelita Saenz
528,2,2,19:59:00,21:01:00,Manuelita Saenz
529,2,2,20:09:00,21:11:00,Manuelita Saenz
530,2,2,20:19:00,21:21:00,Manuelita Saenz
531,2,2,20:29:00,21:31:00,Manuelita Saenz
532,2,2,20:39:00,21:39:00,Manuelita Saenz
533,2,2,20:49:00,21:49:00,Manuelita Saenz
534,2,2,20:59:00,21:59:00,Manuelita Saenz
535,2,2,21:09:00,22:09:00,Manuelita Saenz
536,2,2,21:19:00,22:19:00,Manuelita Saenz
537,2,2,21:30:00,22:30:00,Manuelita Saenz
538,2,2,21:42:00,22:12:00,Manuelita Saenz
539,2,2,21:55:00,22:25:00,Manuelita Saenz
540,2,2,22:08:00,22:38:00,Manuelita Saenz
541,2,2,22:21:00,22:51:00,Manuelita Saenz
542,2,2,22:34:00,23:04:00,Manuelita Saenz
543,2,2,22:47:00,23:17:00,Manuelita Saenz
544,2,2,23:00:00,23:30:00,Manuelita Saenz
545,2,2,04:50:00,05:13:00,Santospamba
546,2,2,05:00:00,05:23:00,Santospamba
547,2,2,05:10:00,05:33:00,Santospamba
548,2,2,05:20:00,05:43:00,Santospamba
549,2,2,05:30:00,05:53:00,Santospamba
550,2,2,05:50:00,06:13:00,Santospamba
551,2,2,05:00:00,05:56:00,Santospamba
552,2,2,05:07:00,06:03:00,Santospamba
553,2,2,05:14:00,06:10:00,Santospamba
554,2,2,05:21:00,06:17:00,Santospamba
555,2,2,05:28:00,06:24:00,Santospamba
556,2,2,06:00:00,06:46:00,Santospamba
557,2,2,06:15:00,07:01:00,Santospamba
558,2,2,05:33:00,06:29:00,Santospamba
559,2,2,05:38:00,06:34:00,Santospamba
560,2,2,05:43:00,06:39:00,Santospamba
561,2,2,05:48:00,06:44:00,Santospamba
562,2,2,05:53:00,06:49:00,Santospamba
563,2,2,05:58:00,06:54:00,Santospamba
564,2,2,06:03:00,06:59:00,Santospamba
565,2,2,06:08:00,07:04:00,Santospamba
566,2,2,06:13:00,07:09:00,Santospamba
567,2,2,06:18:00,07:14:00,Santospamba
568,2,2,06:23:00,07:19:00,Santospamba
569,2,2,06:28:00,07:24:00,Santospamba
570,2,2,06:59:00,07:45:00,Santospamba
571,2,2,07:14:00,08:00:00,Santospamba
572,2,2,06:33:00,07:29:00,Santospamba
573,2,2,06:38:00,07:34:00,Santospamba
574,2,2,06:43:00,07:39:00,Santospamba
575,2,2,06:48:00,07:44:00,Santospamba
576,2,2,06:53:00,07:49:00,Santospamba
577,2,2,06:58:00,07:54:00,Santospamba
578,2,2,07:03:00,07:59:00,Santospamba
579,2,2,07:08:00,08:04:00,Santospamba
580,2,2,07:13:00,08:09:00,Santospamba
581,2,2,07:18:00,08:14:00,Santospamba
582,2,2,07:25:00,08:21:00,Santospamba
583,2,2,07:32:00,08:28:00,Santospamba
584,2,2,07:58:00,08:44:00,Santospamba
585,2,2,08:13:00,08:59:00,Santospamba
586,2,2,07:39:00,08:35:00,Santospamba
587,2,2,07:46:00,08:42:00,Santospamba
588,2,2,07:53:00,08:49:00,Santospamba
589,2,2,08:00:00,08:56:00,Santospamba
590,2,2,08:07:00,09:03:00,Santospamba
591,2,2,08:14:00,09:10:00,Santospamba
592,2,2,08:21:00,09:17:00,Santospamba
593,2,2,08:28:00,09:24:00,Santospamba
594,2,2,08:35:00,09:31:00,Santospamba
595,2,2,08:42:00,09:38:00,Santospamba
596,2,2,08:49:00,09:45:00,Santospamba
597,2,2,08:56:00,09:52:00,Santospamba
598,2,2,09:03:00,09:59:00,Santospamba
599,2,2,09:10:00,10:06:00,Santospamba
600,2,2,09:17:00,10:13:00,Santospamba
601,2,2,09:24:00,10:20:00,Santospamba
602,2,2,09:31:00,10:27:00,Santospamba
603,2,2,09:38:00,10:34:00,Santospamba
604,2,2,09:45:00,10:41:00,Santospamba
605,2,2,09:52:00,10:48:00,Santospamba
606,2,2,09:59:00,10:55:00,Santospamba
607,2,2,10:06:00,11:02:00,Santospamba
608,2,2,10:13:00,11:09:00,Santospamba
609,2,2,10:20:00,11:16:00,Santospamba
610,2,2,10:27:00,11:23:00,Santospamba
611,2,2,10:34:00,11:30:00,Santospamba
612,2,2,10:41:00,11:37:00,Santospamba
613,2,2,10:48:00,11:44:00,Santospamba
614,2,2,10:55:00,11:51:00,Santospamba
615,2,2,11:02:00,11:58:00,Santospamba
616,2,2,11:09:00,12:05:00,Santospamba
617,2,2,11:16:00,12:12:00,Santospamba
618,2,2,11:23:00,12:19:00,Santospamba
619,2,2,11:30:00,12:26:00,Santospamba
620,2,2,11:37:00,12:33:00,Santospamba
621,2,2,11:44:00,12:40:00,Santospamba
622,2,2,11:51:00,12:47:00,Santospamba
623,2,2,11:58:00,12:54:00,Santospamba
624,2,2,12:05:00,13:01:00,Santospamba
625,2,2,12:12:00,13:08:00,Santospamba
626,2,2,12:19:00,13:15:00,Santospamba
627,2,2,12:26:00,13:22:00,Santospamba
628,2,2,12:33:00,13:29:00,Santospamba
629,2,2,12:40:00,13:36:00,Santospamba
630,2,2,12:47:00,13:43:00,Santospamba
631,2,2,12:54:00,13:50:00,Santospamba
632,2,2,13:01:00,13:57:00,Santospamba
633,2,2,13:08:00,14:04:00,Santospamba
634,2,2,13:15:00,14:11:00,Santospamba
635,2,2,13:22:00,14:18:00,Santospamba
636,2,2,13:29:00,14:25:00,Santospamba
637,2,2,13:36:00,14:32:00,Santospamba
638,2,2,13:43:00,14:39:00,Santospamba
639,2,2,13:50:00,14:46:00,Santospamba
640,2,2,13:57:00,14:53:00,Santospamba
641,2,2,14:04:00,15:00:00,Santospamba
642,2,2,14:11:00,15:07:00,Santospamba
643,2,2,14:18:00,15:14:00,Santospamba
644,2,2,14:25:00,15:21:00,Santospamba
645,2,2,14:32:00,15:28:00,Santospamba
646,2,2,14:39:00,15:35:00,Santospamba
647,2,2,14:46:00,15:42:00,Santospamba
648,2,2,14:53:00,15:49:00,Santospamba
649,2,2,15:00:00,15:56:00,Santospamba
650,2,2,15:07:00,16:03:00,Santospamba
651,2,2,15:14:00,16:10:00,Santospamba
652,2,2,15:21:00,16:17:00,Santospamba
653,2,2,15:28:00,16:24:00,Santospamba
654,2,2,15:35:00,16:31:00,Santospamba
655,2,2,15:42:00,16:38:00,Santospamba
656,2,2,15:49:00,16:45:00,Santospamba
657,2,2,15:56:00,16:52:00,Santospamba
658,2,2,16:03:00,16:59:00,Santospamba
659,2,2,16:10:00,17:06:00,Santospamba
660,2,2,16:17:00,17:13:00,Santospamba
661,2,2,16:24:00,17:20:00,Santospamba
662,2,2,16:31:00,17:27:00,Santospamba
663,2,2,16:38:00,17:34:00,Santospamba
664,2,2,16:45:00,17:41:00,Santospamba
665,2,2,16:52:00,17:48:00,Santospamba
666,2,2,16:59:00,17:55:00,Santospamba
667,2,2,17:04:00,18:00:00,Santospamba
668,2,2,17:09:00,18:05:00,Santospamba
669,2,2,17:14:00,18:10:00,Santospamba
670,2,2,17:19:00,18:15:00,Santospamba
671,2,2,17:24:00,18:20:00,Santospamba
672,2,2,17:29:00,18:25:00,Santospamba
673,2,2,17:34:00,18:30:00,Santospamba
674,2,2,17:39:00,18:35:00,Santospamba
675,2,2,17:44:00,18:40:00,Santospamba
676,2,2,17:49:00,18:45:00,Santospamba
677,2,2,17:54:00,18:50:00,Santospamba
678,2,2,17:59:00,18:55:00,Santospamba
679,2,2,18:04:00,19:00:00,Santospamba
680,2,2,18:09:00,19:05:00,Santospamba
681,2,2,18:14:00,19:10:00,Santospamba
682,2,2,18:19:00,19:15:00,Santospamba
683,2,2,18:24:00,19:20:00,Santospamba
684,2,2,18:29:00,19:25:00,Santospamba
685,2,2,18:34:00,19:30:00,Santospamba
686,2,2,18:39:00,19:35:00,Santospamba
687,2,2,18:44:00,19:40:00,Santospamba
688,2,2,18:49:00,19:45:00,Santospamba
689,2,2,18:54:00,19:50:00,Santospamba
690,2,2,18:59:00,19:55:00,Santospamba
691,2,2,19:04:00,20:04:00,Santospamba
692,2,2,19:09:00,20:09:00,Santospamba
693,2,2,19:14:00,20:14:00,Santospamba
694,2,2,19:19:00,20:19:00,Santospamba
695,2,2,19:24:00,20:24:00,Santospamba
696,2,2,19:29:00,20:29:00,Santospamba
697,2,2,19:34:00,20:34:00,Santospamba
698,2,2,19:39:00,20:39:00,Santospamba
699,2,2,19:44:00,20:44:00,Santospamba
700,2,2,19:49:00,20:49:00,Santospamba
701,2,2,19:56:00,20:56:00,Santospamba
702,2,2,20:03:00,21:03:00,Santospamba
703,2,2,20:12:00,21:12:00,Santospamba
704,2,2,20:21:00,21:21:00,Santospamba
705,2,2,20:30:00,21:30:00,Santospamba
706,2,2,20:40:00,21:40:00,Santospamba
707,2,2,20:50:00,21:50:00,Santospamba
708,2,2,21:00:00,22:00:00,Santospamba
709,2,2,21:10:00,22:10:00,Santospamba
710,2,2,21:20:00,22:20:00,Santospamba
711,2,2,21:30:00,22:30:00,Santospamba
712,2,2,21:40:00,22:40:00,Santospamba
713,2,2,21:50:00,22:18:00,Santospamba
714,2,2,22:00:00,22:28:00,Santospamba
715,2,2,22:10:00,22:38:00,Santospamba
716,2,2,22:20:00,22:48:00,Santospamba
717,2,2,22:30:00,22:58:00,Santospamba
718,2,2,22:40:00,23:08:00,Santospamba
719,2,2,22:50:00,23:18:00,Santospamba
720,2,2,23:00:00,23:28:00,Santospamba
721,2,2,05:00:00,05:57:00,Paquisha
722,2,2,05:16:00,06:13:00,Paquisha
723,2,2,05:32:00,06:42:00,Paquisha
724,2,2,05:47:00,06:57:00,Paquisha
725,2,2,06:02:00,07:13:00,Paquisha
726,2,2,06:14:00,07:25:00,Paquisha
727,2,2,06:26:00,07:37:00,Paquisha
728,2,2,06:38:00,07:54:00,Paquisha
729,2,2,06:48:00,08:04:00,Paquisha
730,2,2,06:58:00,08:14:00,Paquisha
731,2,2,07:08:00,08:24:00,Paquisha
732,2,2,07:18:00,08:34:00,Paquisha
733,2,2,07:28:00,08:44:00,Paquisha
734,2,2,07:38:00,08:49:00,Paquisha
735,2,2,07:50:00,09:01:00,Paquisha
736,2,2,08:02:00,09:13:00,Paquisha
737,2,2,08:14:00,09:25:00,Paquisha
738,2,2,08:26:00,09:37:00,Paquisha
739,2,2,08:38:00,09:48:00,Paquisha
740,2,2,08:51:00,10:01:00,Paquisha
741,2,2,09:06:00,10:16:00,Paquisha
742,2,2,09:21:00,10:31:00,Paquisha
743,2,2,09:36:00,10:46:00,Paquisha
744,2,2,09:51:00,11:01:00,Paquisha
745,2,2,10:06:00,11:16:00,Paquisha
746,2,2,10:21:00,11:31:00,Paquisha
747,2,2,10:36:00,11:46:00,Paquisha
748,2,2,10:51:00,12:01:00,Paquisha
749,2,2,11:06:00,12:16:00,Paquisha
750,2,2,11:21:00,12:31:00,Paquisha
751,2,2,11:36:00,12:46:00,Paquisha
752,2,2,11:51:00,13:01:00,Paquisha
753,2,2,12:04:00,13:15:00,Paquisha
754,2,2,12:17:00,13:28:00,Paquisha
755,2,2,12:30:00,13:41:00,Paquisha
756,2,2,12:43:00,13:54:00,Paquisha
757,2,2,12:56:00,14:07:00,Paquisha
758,2,2,13:09:00,14:20:00,Paquisha
759,2,2,13:22:00,14:33:00,Paquisha
760,2,2,13:35:00,14:46:00,Paquisha
761,2,2,13:48:00,14:59:00,Paquisha
762,2,2,14:01:00,15:11:00,Paquisha
763,2,2,14:14:00,15:24:00,Paquisha
764,2,2,14:27:00,15:37:00,Paquisha
765,2,2,14:42:00,15:52:00,Paquisha
766,2,2,14:57:00,16:07:00,Paquisha
767,2,2,15:12:00,16:22:00,Paquisha
768,2,2,15:27:00,16:37:00,Paquisha
769,2,2,15:42:00,16:52:00,Paquisha
770,2,2,15:57:00,17:07:00,Paquisha
771,2,2,16:12:00,17:22:00,Paquisha
772,2,2,16:27:00,17:37:00,Paquisha
773,2,2,16:42:00,17:53:00,Paquisha
774,2,2,16:54:00,18:05:00,Paquisha
775,2,2,17:06:00,18:17:00,Paquisha
776,2,2,17:18:00,18:29:00,Paquisha
777,2,2,17:30:00,18:41:00,Paquisha
778,2,2,17:42:00,18:58:00,Paquisha
779,2,2,17:54:00,19:10:00,Paquisha
780,2,2,18:06:00,19:22:00,Paquisha
781,2,2,18:18:00,19:34:00,Paquisha
782,2,2,18:30:00,19:46:00,Paquisha
783,2,2,18:42:00,19:58:00,Paquisha
784,2,2,18:54:00,20:10:00,Paquisha
785,2,2,19:06:00,20:22:00,Paquisha
786,2,2,19:18:00,20:29:00,Paquisha
787,2,2,19:30:00,20:41:00,Paquisha
788,2,2,19:43:00,20:54:00,Paquisha
789,2,2,19:56:00,21:07:00,Paquisha
790,2,2,20:09:00,21:20:00,Paquisha
791,2,2,20:22:00,21:33:00,Paquisha
792,2,2,20:35:00,21:46:00,Paquisha
793,2,2,20:48:00,21:59:00,Paquisha
794,2,2,21:02:00,22:13:00,Paquisha
795,2,2,21:16:00,21:51:30,Paquisha
796,2,2,21:30:00,22:05:30,Paquisha
797,2,2,21:44:00,22:19:30,Paquisha
798,2,2,21:58:00,22:33:30,Paquisha
799,2,2,22:12:00,22:47:30,Paquisha
800,2,2,22:28:00,23:03:30,Paquisha
801,2,2,22:44:00,23:19:30,Paquisha
802,2,2,23:00:00,23:35:30,Paquisha
